{
    "model_key": "knn_50",
    "model_name": "KNN_50",
    "experiment": {
        "comparison_axis": "feature_set",
        "dataset": "50",
        "feature_set": "pct50",
        "excluded_feature": null,
        "feature_count": 11
    },
    "accuracy": 0.632675,
    "precision": 0.5427713507599916,
    "recall": 0.3022815659839253,
    "f1_score": 0.3883065086885205,
    "total_time_sec": 286.7583491989999,
    "avg_latency_ms": 1.4337917459949994,
    "total_samples": 200000,
    "confusion_matrix": [
        [
            103217,
            19643
        ],
        [
            53822,
            23318
        ]
    ],
    "auc_score": 0.6283086655626251,
    "pr_auc": 0.489263877108235,
    "threshold": 0.5,
    "parquet": {
        "path": "data/results/roc/knn_50.parquet",
        "columns": [
            "y_true",
            "y_score"
        ]
    }
}