{
    "model_key": "lightgbm_50",
    "model_name": "LIGHTGBM_50",
    "experiment": {
        "comparison_axis": "feature_set",
        "dataset": "50",
        "feature_set": "pct50",
        "excluded_feature": null,
        "feature_count": 11
    },
    "accuracy": 0.66345,
    "precision": 0.6003880718954249,
    "recall": 0.38106040964480165,
    "f1_score": 0.4662172878667724,
    "total_time_sec": 0.3666298750031274,
    "avg_latency_ms": 0.0018331493750156369,
    "total_samples": 200000,
    "confusion_matrix": [
        [
            103295,
            19565
        ],
        [
            47745,
            29395
        ]
    ],
    "auc_score": 0.6875635835991827,
    "pr_auc": 0.5698644921077336,
    "threshold": 0.5,
    "parquet": {
        "path": "data/results/roc/lightgbm_50.parquet",
        "columns": [
            "y_true",
            "y_score"
        ]
    }
}
