{
    "model_key": "lightgbm_50",
    "model_name": "LIGHTGBM_50",
    "experiment": {
        "comparison_axis": "feature_set",
        "dataset": "50",
        "feature_set": "pct50",
        "excluded_feature": null,
        "feature_count": 11
    },
    "accuracy": 0.663495,
    "precision": 0.6003549499194223,
    "recall": 0.38151413015296864,
    "f1_score": 0.4665467141192603,
    "total_time_sec": 2.2476885939995555,
    "avg_latency_ms": 0.011238442969997778,
    "total_samples": 200000,
    "confusion_matrix": [
        [
            103269,
            19591
        ],
        [
            47710,
            29430
        ]
    ],
    "auc_score": 0.687580856337237,
    "pr_auc": 0.5698770873192802,
    "threshold": 0.5,
    "parquet": {
        "path": "data/results/roc/lightgbm_50.parquet",
        "columns": [
            "y_true",
            "y_score"
        ]
    }
}