{
    "model_key": "randomforest_50",
    "model_name": "RANDOMFOREST_50",
    "experiment": {
        "comparison_axis": "feature_set",
        "dataset": "50",
        "feature_set": "pct50",
        "excluded_feature": null,
        "feature_count": 11
    },
    "accuracy": 0.657275,
    "precision": 0.6159074358766891,
    "recall": 0.29603318641431164,
    "f1_score": 0.3998704220912824,
    "total_time_sec": 1.0781188989994916,
    "avg_latency_ms": 0.005390594494997458,
    "total_samples": 200000,
    "confusion_matrix": [
        [
            108619,
            14241
        ],
        [
            54304,
            22836
        ]
    ],
    "auc_score": 0.6802815530901214,
    "pr_auc": 0.5603911867722783,
    "threshold": 0.5,
    "parquet": {
        "path": "data/results/roc/randomforest_50.parquet",
        "columns": [
            "y_true",
            "y_score"
        ]
    }
}