{
  "schema_version": 1,
  "results": {
    "knn": {
      "100": {
        "model": "KNN",
        "experiment": {
          "label": "100",
          "comparison_axis": "feature_set",
          "feature_set": "full",
          "feature_count": 21
        },
        "performance": {
          "total_time_sec": 4.862366035999003,
          "avg_latency_ms": 0.035116203833240434,
          "total_samples": 6000
        },
        "confusion_matrix": [
          [
            405,
            3298
          ],
          [
            138,
            2159
          ]
        ],
        "auc_score": 0.5985591463509978,
        "threshold": 0.17579950934229832,
        "test_metrics": {
          "accuracy": 0.42733333333333334,
          "precision": 0.3956386292834891,
          "recall": 0.9399216369177188,
          "f1": 0.5568738715501677,
          "roc_auc": 0.5985591463509978,
          "pr_auc": 0.4789764468427337,
          "confusion_matrix": [
            [
              405,
              3298
            ],
            [
              138,
              2159
            ]
          ],
          "total_samples": 6000,
          "total_inference_seconds": 0.2106972229994426,
          "average_inference_ms": 0.035116203833240434
        },
        "artifacts": {
          "pipeline": "models/knn_100_pipeline.joblib",
          "metadata": "models/knn_100_metadata.json",
          "result_data": "data/results/result_data.json",
          "roc_source": "data/results/roc/knn_100_auc_roc.parquet"
        }
      },
      "50": {
        "model": "KNN",
        "experiment": {
          "label": "50",
          "comparison_axis": "feature_set",
          "feature_set": "pct50",
          "feature_count": 10
        },
        "performance": {
          "total_time_sec": 3.7466228349985613,
          "avg_latency_ms": 0.0798076684999008,
          "total_samples": 6000
        },
        "confusion_matrix": [
          [
            830,
            2873
          ],
          [
            258,
            2039
          ]
        ],
        "auc_score": 0.6183162153878458,
        "threshold": 0.20706469920813603,
        "test_metrics": {
          "accuracy": 0.4781666666666667,
          "precision": 0.4151058631921824,
          "recall": 0.8876795820635611,
          "f1": 0.5656817866555695,
          "roc_auc": 0.6183162153878458,
          "pr_auc": 0.4950674710738587,
          "confusion_matrix": [
            [
              830,
              2873
            ],
            [
              258,
              2039
            ]
          ],
          "total_samples": 6000,
          "total_inference_seconds": 0.4788460109994048,
          "average_inference_ms": 0.0798076684999008
        },
        "artifacts": {
          "pipeline": "models/knn_50_pipeline.joblib",
          "metadata": "models/knn_50_metadata.json",
          "result_data": "data/results/result_data.json",
          "roc_source": "data/results/roc/knn_50_auc_roc.parquet"
        }
      }
    },
    "logistic_regression": {
      "100": {
        "model": "LogisticRegression",
        "experiment": {
          "label": "100",
          "comparison_axis": "feature_set",
          "feature_set": "full",
          "feature_count": 21
        },
        "performance": {
          "total_time_sec": 4.515628146000381,
          "avg_latency_ms": 0.00247197966746171,
          "total_samples": 6000
        },
        "confusion_matrix": [
          [
            1149,
            2554
          ],
          [
            399,
            1898
          ]
        ],
        "auc_score": 0.6189169237758134,
        "threshold": 0.420821827339111,
        "test_metrics": {
          "accuracy": 0.5078333333333334,
          "precision": 0.42632524707996405,
          "recall": 0.8262951676099259,
          "f1": 0.5624536968439768,
          "roc_auc": 0.6189169237758134,
          "pr_auc": 0.4907145197838598,
          "confusion_matrix": [
            [
              1149,
              2554
            ],
            [
              399,
              1898
            ]
          ],
          "total_samples": 6000,
          "total_inference_seconds": 0.01483187800477026,
          "average_inference_ms": 0.00247197966746171
        },
        "artifacts": {
          "pipeline": "models/logistic_regression_100_pipeline.joblib",
          "metadata": "models/logistic_regression_100_metadata.json",
          "result_data": "data/results/result_data.json",
          "roc_source": "data/results/roc/logistic_regression_100_auc_roc.parquet"
        }
      },
      "50": {
        "model": "LogisticRegression",
        "experiment": {
          "label": "50",
          "comparison_axis": "feature_set",
          "feature_set": "pct50",
          "feature_count": 10
        },
        "performance": {
          "total_time_sec": 2.8121112680018996,
          "avg_latency_ms": 0.001945237499361004,
          "total_samples": 6000
        },
        "confusion_matrix": [
          [
            905,
            2798
          ],
          [
            306,
            1991
          ]
        ],
        "auc_score": 0.6195758865930282,
        "threshold": 0.4047839545574771,
        "test_metrics": {
          "accuracy": 0.4826666666666667,
          "precision": 0.41574441428273123,
          "recall": 0.8667827601218981,
          "f1": 0.5619531470505221,
          "roc_auc": 0.6195758865930282,
          "pr_auc": 0.48933054465082726,
          "confusion_matrix": [
            [
              905,
              2798
            ],
            [
              306,
              1991
            ]
          ],
          "total_samples": 6000,
          "total_inference_seconds": 0.011671424996166024,
          "average_inference_ms": 0.001945237499361004
        },
        "artifacts": {
          "pipeline": "models/logistic_regression_50_pipeline.joblib",
          "metadata": "models/logistic_regression_50_metadata.json",
          "result_data": "data/results/result_data.json",
          "roc_source": "data/results/roc/logistic_regression_50_auc_roc.parquet"
        }
      }
    },
    "xgboost": {
      "100": {
        "model": "XGBoost",
        "experiment": {
          "label": "100",
          "comparison_axis": "training_fraction",
          "training_fraction": 1.0,
          "feature_count": 22
        },
        "performance": {
          "total_time_sec": 26.34361077199719,
          "avg_latency_ms": 0.0035540233699975945,
          "total_samples": 200000
        },
        "confusion_matrix": [
          [
            53717,
            69143
          ],
          [
            15272,
            61868
          ]
        ],
        "auc_score": 0.6874935600092194,
        "threshold": 0.3078157603740692,
        "test_metrics": {
          "accuracy": 0.577925,
          "precision": 0.47223515582660996,
          "recall": 0.8020222971221156,
          "f1": 0.5944530653227705,
          "roc_auc": 0.6874935600092194,
          "pr_auc": 0.5699960163037938,
          "confusion_matrix": [
            [
              53717,
              69143
            ],
            [
              15272,
              61868
            ]
          ],
          "total_samples": 200000,
          "total_inference_seconds": 0.7108046739995189,
          "average_inference_ms": 0.0035540233699975945
        },
        "artifacts": {
          "pipeline": "models/xgboost_100_pipeline.joblib",
          "metadata": "models/xgboost_100_metadata.json",
          "result_data": "data/results/result_data.json",
          "roc_source": "data/results/roc/xgboost_100_auc_roc.parquet"
        },
        "feature_importances_top20": [
          {
            "feature": "numeric__Late_Payment_Count",
            "importance": 0.35481318831443787
          },
          {
            "feature": "numeric__Profile_Type_Drop-out",